"url","reviews","rank","rating","hotel_name","hotel_features","hotel_price","no_of_deals","booking_provider","hotel_url"
"https://www.tripadvisor.com/Hotels-g60745-oa0-Boston_Massachusetts-Hotels.html","861 ","","4","Holiday Inn Express Boston","Free Wifi,Free Parking,Hotel website","₫4,627,907","5","HIExpress.com","https://www.tripadvisor.com/Hotel_Review-g60745-d121009-Reviews-Holiday_Inn_Express_Boston-Boston_Massachusetts.html"
"https://www.tripadvisor.com/Hotels-g60745-oa0-Boston_Massachusetts-Hotels.html","4135 ","#1 Best Value of 157 places to stay in Boston","4.5","The Godfrey Hotel Boston","Free Wifi,Room Service,Hotel website","₫5,033,721","5","Agoda.com","https://www.tripadvisor.com/Hotel_Review-g60745-d8316858-Reviews-The_Godfrey_Hotel_Boston-Boston_Massachusetts.html"
"https://www.tripadvisor.com/Hotels-g60745-oa0-Boston_Massachusetts-Hotels.html","5301 ","#2 Best Value of 157 places to stay in Boston","4.5","Seaport Boston Hotel","Free Wifi,Pool,Hotel website","₫5,496,824","0","Agoda.com","https://www.tripadvisor.com/Hotel_Review-g60745-d94330-Reviews-Seaport_Boston_Hotel-Boston_Massachusetts.html"
"https://www.tripadvisor.com/Hotels-g60745-oa0-Boston_Massachusetts-Hotels.html","8637 ","#3 Best Value of 157 places to stay in Boston","4","Omni Parker House","Restaurant,Room Service,Hotel website","₫5,089,472","0","Agoda.com","https://www.tripadvisor.com/Hotel_Review-g60745-d89599-Reviews-Omni_Parker_House-Boston_Massachusetts.html"
"https://www.tripadvisor.com/Hotels-g60745-oa0-Boston_Massachusetts-Hotels.html","2816 ","#4 Best Value of 157 places to stay in Boston","4","Hyatt Regency Boston Harbor","Free Wifi,Restaurant","₫4,581,628","5","Hyatt.com","https://www.tripadvisor.com/Hotel_Review-g60745-d89620-Reviews-Hyatt_Regency_Boston_Harbor-Boston_Massachusetts.html"
"https://www.tripadvisor.com/Hotels-g60745-oa0-Boston_Massachusetts-Hotels.html","4685 ","#5 Best Value of 157 places to stay in Boston","4.5","Hotel Commonwealth","Free Wifi,Restaurant,Hotel website","₫4,484,062","5","Agoda.com","https://www.tripadvisor.com/Hotel_Review-g60745-d258705-Reviews-Hotel_Commonwealth-Boston_Massachusetts.html"
"https://www.tripadvisor.com/Hotels-g60745-oa0-Boston_Massachusetts-Hotels.html","4286 ","#6 Best Value of 157 places to stay in Boston","4.5","The Westin Copley Place, Boston","Restaurant,Room Service,Hotel website","₫5,495,037","5","HotelQuickly","https://www.tripadvisor.com/Hotel_Review-g60745-d89617-Reviews-The_Westin_Copley_Place_Boston-Boston_Massachusetts.html"
"https://www.tripadvisor.com/Hotels-g60745-oa0-Boston_Massachusetts-Hotels.html","4924 ","#7 Best Value of 157 places to stay in Boston","4.5","InterContinental Boston","Pool,Restaurant,Hotel website","₫6,318,834","6","Booking.com","https://www.tripadvisor.com/Hotel_Review-g60745-d620703-Reviews-InterContinental_Boston-Boston_Massachusetts.html"
"https://www.tripadvisor.com/Hotels-g60745-oa0-Boston_Massachusetts-Hotels.html","1583 ","#8 Best Value of 157 places to stay in Boston","4","Harborside Inn","Free Wifi","₫7,410,964","0","Booking.com","https://www.tripadvisor.com/Hotel_Review-g60745-d94367-Reviews-Harborside_Inn-Boston_Massachusetts.html"
"https://www.tripadvisor.com/Hotels-g60745-oa0-Boston_Massachusetts-Hotels.html","4552 ","#9 Best Value of 157 places to stay in Boston","4.5","Revere Hotel Boston Common","Free Wifi,Pool,Hotel website","₫4,694,978","0","Hotels.com","https://www.tripadvisor.com/Hotel_Review-g60745-d89600-Reviews-Revere_Hotel_Boston_Common-Boston_Massachusetts.html"
"https://www.tripadvisor.com/Hotels-g60745-oa0-Boston_Massachusetts-Hotels.html","3530 ","#10 Best Value of 157 places to stay in Boston","4.5","Colonnade Hotel","Free Wifi,Pool","₫9,693,026","5","Hotels.com","https://www.tripadvisor.com/Hotel_Review-g60745-d94371-Reviews-Colonnade_Hotel-Boston_Massachusetts.html"
"https://www.tripadvisor.com/Hotels-g60745-oa0-Boston_Massachusetts-Hotels.html","2564 ","#11 Best Value of 157 places to stay in Boston","4.5","The Langham, Boston","Free Wifi,Pool,Hotel website","₫4,324,611","5","Booking.com","https://www.tripadvisor.com/Hotel_Review-g60745-d114149-Reviews-The_Langham_Boston-Boston_Massachusetts.html"
"https://www.tripadvisor.com/Hotels-g60745-oa0-Boston_Massachusetts-Hotels.html","1911 ","#12 Best Value of 157 places to stay in Boston","4.5","Bostonian Boston","Restaurant,Room Service","₫7,081,921","0","Hotels.com","https://www.tripadvisor.com/Hotel_Review-g60745-d114150-Reviews-Bostonian_Boston-Boston_Massachusetts.html"
"https://www.tripadvisor.com/Hotels-g60745-oa0-Boston_Massachusetts-Hotels.html","4306 ","#13 Best Value of 157 places to stay in Boston","4","Hyatt Regency Boston","Free Wifi,Pool,Hotel website","₫7,002,647","5","HotelQuickly","https://www.tripadvisor.com/Hotel_Review-g60745-d111441-Reviews-Hyatt_Regency_Boston-Boston_Massachusetts.html"
"https://www.tripadvisor.com/Hotels-g60745-oa0-Boston_Massachusetts-Hotels.html","3494 ","#14 Best Value of 157 places to stay in Boston","4","Boston Marriott Copley Place","Pool,Restaurant,Hotel website","₫6,249,371","5","Booking.com","https://www.tripadvisor.com/Hotel_Review-g60745-d111416-Reviews-Boston_Marriott_Copley_Place-Boston_Massachusetts.html"
"https://www.tripadvisor.com/Hotels-g60745-oa0-Boston_Massachusetts-Hotels.html","3065 ","#15 Best Value of 157 places to stay in Boston","4","Taj Boston","Restaurant,Room Service,Hotel website","₫5,200,913","0","Hotels.com","https://www.tripadvisor.com/Hotel_Review-g60745-d89615-Reviews-Taj_Boston-Boston_Massachusetts.html"
"https://www.tripadvisor.com/Hotels-g60745-oa0-Boston_Massachusetts-Hotels.html","3524 ","#16 Best Value of 157 places to stay in Boston","4.5","Fairmont Copley Plaza, Boston","Restaurant,Room Service,Hotel website","₫5,904,377","6","Booking.com","https://www.tripadvisor.com/Hotel_Review-g60745-d111444-Reviews-Fairmont_Copley_Plaza_Boston-Boston_Massachusetts.html"
"https://www.tripadvisor.com/Hotels-g60745-oa0-Boston_Massachusetts-Hotels.html","1145 ","#17 Best Value of 157 places to stay in Boston","4.5","Hilton Garden Inn Boston Logan Airport","Free Parking,Pool,Hotel website","₫3,864,155","6","Booking.com","https://www.tripadvisor.com/Hotel_Review-g60745-d8142646-Reviews-Hilton_Garden_Inn_Boston_Logan_Airport-Boston_Massachusetts.html"
"https://www.tripadvisor.com/Hotels-g60745-oa0-Boston_Massachusetts-Hotels.html","1201 ","#18 Best Value of 157 places to stay in Boston","4.5","The Boxer Boston","Free Wifi,Restaurant,Hotel website","₫5,499,446","0","Booking.com","https://www.tripadvisor.com/Hotel_Review-g60745-d499916-Reviews-The_Boxer_Boston-Boston_Massachusetts.html"
"https://www.tripadvisor.com/Hotels-g60745-oa0-Boston_Massachusetts-Hotels.html","1490 ","#19 Best Value of 157 places to stay in Boston","4.5","Eliot Hotel","Free Wifi,Restaurant","₫5,780,506","0","Agoda.com","https://www.tripadvisor.com/Hotel_Review-g60745-d111423-Reviews-Eliot_Hotel-Boston_Massachusetts.html"
"https://www.tripadvisor.com/Hotels-g60745-oa0-Boston_Massachusetts-Hotels.html","2900 ","#20 Best Value of 157 places to stay in Boston","4.5","The Verb Hotel","Free Wifi,Pool,Hotel website","₫3,738,809","5","Hotels.com","https://www.tripadvisor.com/Hotel_Review-g60745-d6485213-Reviews-The_Verb_Hotel-Boston_Massachusetts.html"
"https://www.tripadvisor.com/Hotels-g60745-oa0-Boston_Massachusetts-Hotels.html","3578 ","#21 Best Value of 157 places to stay in Boston","4.5","Lenox Hotel","Free Wifi,Restaurant","₫7,245,955","0","Agoda.com","https://www.tripadvisor.com/Hotel_Review-g60745-d114134-Reviews-Lenox_Hotel-Boston_Massachusetts.html"
"https://www.tripadvisor.com/Hotels-g60745-oa0-Boston_Massachusetts-Hotels.html","661 ","#22 Best Value of 157 places to stay in Boston","4.5","enVision Hotel Boston - Longwood","Free Wifi,Fitness center","₫3,876,071","0","Agoda.com","https://www.tripadvisor.com/Hotel_Review-g60745-d3225572-Reviews-EnVision_Hotel_Boston_Longwood-Boston_Massachusetts.html"
"https://www.tripadvisor.com/Hotels-g60745-oa0-Boston_Massachusetts-Hotels.html","2245 ","#23 Best Value of 157 places to stay in Boston","4","Hilton Boston Downtown / Faneuil Hall","Restaurant,Room Service,Hotel website","₫5,457,164","5","Booking.com","https://www.tripadvisor.com/Hotel_Review-g60745-d94326-Reviews-Hilton_Boston_Downtown_Faneuil_Hall-Boston_Massachusetts.html"
"https://www.tripadvisor.com/Hotels-g60745-oa0-Boston_Massachusetts-Hotels.html","2113 ","#24 Best Value of 157 places to stay in Boston","4.5","Copley Square Hotel","Free Wifi,Restaurant,Hotel website","₫5,868,018","5","Agoda.com","https://www.tripadvisor.com/Hotel_Review-g60745-d111421-Reviews-Copley_Square_Hotel-Boston_Massachusetts.html"
"https://www.tripadvisor.com/Hotels-g60745-oa0-Boston_Massachusetts-Hotels.html","1737 ","#25 Best Value of 157 places to stay in Boston","4.5","Residence Inn by Marriott Boston Back Bay/Fenway","Free Wifi,Free Breakfast,Hotel website","₫4,901,923","0","Booking.com","https://www.tripadvisor.com/Hotel_Review-g60745-d4325990-Reviews-Residence_Inn_by_Marriott_Boston_Back_Bay_Fenway-Boston_Massachusetts.html"
"https://www.tripadvisor.com/Hotels-g60745-oa0-Boston_Massachusetts-Hotels.html","1739 ","#26 Best Value of 157 places to stay in Boston","4","DoubleTree by Hilton Hotel Boston - Downtown","Restaurant,Room Service,Hotel website","₫3,298,555","5","HotelQuickly","https://www.tripadvisor.com/Hotel_Review-g60745-d217550-Reviews-DoubleTree_by_Hilton_Hotel_Boston_Downtown-Boston_Massachusetts.html"
"https://www.tripadvisor.com/Hotels-g60745-oa0-Boston_Massachusetts-Hotels.html","1288 ","#27 Best Value of 157 places to stay in Boston","4","The Inn at Longwood Medical","Free Wifi,Restaurant","₫4,463,747","0","HotelQuickly","https://www.tripadvisor.com/Hotel_Review-g60745-d77638-Reviews-The_Inn_at_Longwood_Medical-Boston_Massachusetts.html"
"https://www.tripadvisor.com/Hotels-g60745-oa0-Boston_Massachusetts-Hotels.html","1776 ","#28 Best Value of 157 places to stay in Boston","4.5","Battery Wharf Hotel, Boston Waterfront","Restaurant,Room Service,Hotel website","₫4,365,381","5","Hotels.com","https://www.tripadvisor.com/Hotel_Review-g60745-d1201116-Reviews-Battery_Wharf_Hotel_Boston_Waterfront-Boston_Massachusetts.html"
"https://www.tripadvisor.com/Hotels-g60745-oa0-Boston_Massachusetts-Hotels.html","2893 ","#29 Best Value of 157 places to stay in Boston","4","The Westin Boston Waterfront","Pool,Restaurant,Hotel website","₫5,603,397","0","Hotels.com","https://www.tripadvisor.com/Hotel_Review-g60745-d595373-Reviews-The_Westin_Boston_Waterfront-Boston_Massachusetts.html"
"https://www.tripadvisor.com/Hotels-g60745-oa0-Boston_Massachusetts-Hotels.html","1107 ","#30 Best Value of 157 places to stay in Boston","4.5","HI Boston","Free Wifi,Free Breakfast","","0","Hotels.com","https://www.tripadvisor.com/Hotel_Review-g60745-d3169894-Reviews-HI_Boston-Boston_Massachusetts.html"
"https://www.tripadvisor.com/Hotels-g60745-oa30-Boston_Massachusetts-Hotels.html","565 ","","3.5","Holiday Inn Express Hotel & Suites Boston Garden","Free Wifi,Breakfast included,Hotel website","₫4,837,209","5","HIExpress.com","https://www.tripadvisor.com/Hotel_Review-g60745-d1138709-Reviews-Holiday_Inn_Express_Hotel_Suites_Boston_Garden-Boston_Massachusetts.html"
"https://www.tripadvisor.com/Hotels-g60745-oa30-Boston_Massachusetts-Hotels.html","1201 ","#31 Best Value of 157 places to stay in Boston","4.5","The Boxer Boston","Free Wifi,Restaurant,Hotel website","₫5,499,446","0","Booking.com","https://www.tripadvisor.com/Hotel_Review-g60745-d499916-Reviews-The_Boxer_Boston-Boston_Massachusetts.html"
"https://www.tripadvisor.com/Hotels-g60745-oa30-Boston_Massachusetts-Hotels.html","3579 ","#32 Best Value of 157 places to stay in Boston","4.5","Lenox Hotel","Free Wifi,Restaurant","₫7,245,955","0","Agoda.com","https://www.tripadvisor.com/Hotel_Review-g60745-d114134-Reviews-Lenox_Hotel-Boston_Massachusetts.html"
"https://www.tripadvisor.com/Hotels-g60745-oa30-Boston_Massachusetts-Hotels.html","1975 ","#33 Best Value of 157 places to stay in Boston","4","DoubleTree Suites by Hilton Boston-Cambridge","Free Wifi,Pool,Hotel website","₫5,213,230","0","Booking.com","https://www.tripadvisor.com/Hotel_Review-g60745-d111422-Reviews-DoubleTree_Suites_by_Hilton_Boston_Cambridge-Boston_Massachusetts.html"
"https://www.tripadvisor.com/Hotels-g60745-oa30-Boston_Massachusetts-Hotels.html","992 ","#34 Best Value of 157 places to stay in Boston","4","Charlesmark Hotel","Free Wifi,Breakfast included","₫6,243,011","0","Hotels.com","https://www.tripadvisor.com/Hotel_Review-g60745-d225873-Reviews-Charlesmark_Hotel-Boston_Massachusetts.html"
"https://www.tripadvisor.com/Hotels-g60745-oa30-Boston_Massachusetts-Hotels.html","2898 ","#35 Best Value of 157 places to stay in Boston","4.5","Kimpton Nine Zero Hotel","Free Wifi,Restaurant,Hotel website","₫5,819,406","5","Hotels.com","https://www.tripadvisor.com/Hotel_Review-g60745-d234752-Reviews-Kimpton_Nine_Zero_Hotel-Boston_Massachusetts.html"
"https://www.tripadvisor.com/Hotels-g60745-oa30-Boston_Massachusetts-Hotels.html","1941 ","#36 Best Value of 157 places to stay in Boston","4.5","Courtyard Boston Copley Square","Free Wifi,Restaurant,Hotel website","₫5,784,733","0","Booking.com","https://www.tripadvisor.com/Hotel_Review-g60745-d313573-Reviews-Courtyard_Boston_Copley_Square-Boston_Massachusetts.html"
"https://www.tripadvisor.com/Hotels-g60745-oa30-Boston_Massachusetts-Hotels.html","769 ","#37 Best Value of 157 places to stay in Boston","4","The Liberty, A Luxury Collection Hotel","Free Wifi,Restaurant,Hotel website","₫7,645,828","0","Agoda.com","https://www.tripadvisor.com/Hotel_Review-g60745-d647006-Reviews-The_Liberty_A_Luxury_Collection_Hotel-Boston_Massachusetts.html"
"https://www.tripadvisor.com/Hotels-g60745-oa30-Boston_Massachusetts-Hotels.html","554 ","#38 Best Value of 157 places to stay in Boston","4","Oasis Guest House","Free Wifi,Breakfast included,Hotel website","₫3,624,170","0","Booking.com","https://www.tripadvisor.com/Hotel_Review-g60745-d89596-Reviews-Oasis_Guest_House-Boston_Massachusetts.html"
"https://www.tripadvisor.com/Hotels-g60745-oa30-Boston_Massachusetts-Hotels.html","1776 ","#39 Best Value of 157 places to stay in Boston","4.5","Battery Wharf Hotel, Boston Waterfront","Restaurant,Room Service,Hotel website","₫4,365,381","5","Hotels.com","https://www.tripadvisor.com/Hotel_Review-g60745-d1201116-Reviews-Battery_Wharf_Hotel_Boston_Waterfront-Boston_Massachusetts.html"
"https://www.tripadvisor.com/Hotels-g60745-oa30-Boston_Massachusetts-Hotels.html","243 ","#40 Best Value of 157 places to stay in Boston","4","Bricco Suites","Free Wifi,Restaurant","₫6,184,700","0","Hotels.com","https://www.tripadvisor.com/Hotel_Review-g60745-d3952875-Reviews-Bricco_Suites-Boston_Massachusetts.html"
"https://www.tripadvisor.com/Hotels-g60745-oa30-Boston_Massachusetts-Hotels.html","4552 ","#41 Best Value of 157 places to stay in Boston","4.5","Revere Hotel Boston Common","Free Wifi,Pool,Hotel website","₫4,694,978","0","Hotels.com","https://www.tripadvisor.com/Hotel_Review-g60745-d89600-Reviews-Revere_Hotel_Boston_Common-Boston_Massachusetts.html"
"https://www.tripadvisor.com/Hotels-g60745-oa30-Boston_Massachusetts-Hotels.html","934 ","#42 Best Value of 157 places to stay in Boston","4.5","Residence Inn by Marriott Boston Harbor on Tudor Wharf","Free Wifi,Breakfast included,Hotel website","₫6,109,979","5","Booking.com","https://www.tripadvisor.com/Hotel_Review-g60745-d268207-Reviews-Residence_Inn_by_Marriott_Boston_Harbor_on_Tudor_Wharf-Boston_Massachusetts.html"
"https://www.tripadvisor.com/Hotels-g60745-oa30-Boston_Massachusetts-Hotels.html","2272 ","#43 Best Value of 157 places to stay in Boston","4","Boston Marriott Long Wharf","Pool,Restaurant,Hotel website","₫7,178,645","0","Booking.com","https://www.tripadvisor.com/Hotel_Review-g60745-d111417-Reviews-Boston_Marriott_Long_Wharf-Boston_Massachusetts.html"
"https://www.tripadvisor.com/Hotels-g60745-oa30-Boston_Massachusetts-Hotels.html","1145 ","#44 Best Value of 157 places to stay in Boston","4.5","Hilton Garden Inn Boston Logan Airport","Free Parking,Pool,Hotel website","₫3,864,155","6","Booking.com","https://www.tripadvisor.com/Hotel_Review-g60745-d8142646-Reviews-Hilton_Garden_Inn_Boston_Logan_Airport-Boston_Massachusetts.html"
"https://www.tripadvisor.com/Hotels-g60745-oa30-Boston_Massachusetts-Hotels.html","2143 ","#45 Best Value of 157 places to stay in Boston","4","Club Quarters Hotel in Boston","Free Wifi,Restaurant,Hotel website","₫4,997,173","0","Booking.com","https://www.tripadvisor.com/Hotel_Review-g60745-d94399-Reviews-Club_Quarters_Hotel_in_Boston-Boston_Massachusetts.html"
"https://www.tripadvisor.com/Hotels-g60745-oa30-Boston_Massachusetts-Hotels.html","3494 ","#46 Best Value of 157 places to stay in Boston","4","Boston Marriott Copley Place","Pool,Restaurant,Hotel website","₫6,242,952","5","Hotels.com","https://www.tripadvisor.com/Hotel_Review-g60745-d111416-Reviews-Boston_Marriott_Copley_Place-Boston_Massachusetts.html"
"https://www.tripadvisor.com/Hotels-g60745-oa30-Boston_Massachusetts-Hotels.html","1698 ","#47 Best Value of 157 places to stay in Boston","4","Ames Boston Hotel, Curio Collection by Hilton","Free Wifi,Fitness center,Hotel website","₫5,109,241","5","Hotels.com","https://www.tripadvisor.com/Hotel_Review-g60745-d1513541-Reviews-Ames_Boston_Hotel_Curio_Collection_by_Hilton-Boston_Massachusetts.html"
"https://www.tripadvisor.com/Hotels-g60745-oa30-Boston_Massachusetts-Hotels.html","243 ","#48 Best Value of 157 places to stay in Boston","4","Beacon Hill Hotel and Bistro","Free Wifi,Restaurant,Hotel website","₫6,946,326","0","Booking.com","https://www.tripadvisor.com/Hotel_Review-g60745-d220216-Reviews-Beacon_Hill_Hotel_and_Bistro-Boston_Massachusetts.html"
"https://www.tripadvisor.com/Hotels-g60745-oa30-Boston_Massachusetts-Hotels.html","1737 ","#49 Best Value of 157 places to stay in Boston","4.5","Residence Inn by Marriott Boston Back Bay/Fenway","Free Wifi,Breakfast included,Hotel website","₫4,901,923","0","Booking.com","https://www.tripadvisor.com/Hotel_Review-g60745-d4325990-Reviews-Residence_Inn_by_Marriott_Boston_Back_Bay_Fenway-Boston_Massachusetts.html"
"https://www.tripadvisor.com/Hotels-g60745-oa30-Boston_Massachusetts-Hotels.html","4924 ","#50 Best Value of 157 places to stay in Boston","4.5","InterContinental Boston","Pool,Restaurant,Hotel website","₫6,318,834","6","Booking.com","https://www.tripadvisor.com/Hotel_Review-g60745-d620703-Reviews-InterContinental_Boston-Boston_Massachusetts.html"
"https://www.tripadvisor.com/Hotels-g60745-oa30-Boston_Massachusetts-Hotels.html","1838 ","#51 Best Value of 157 places to stay in Boston","4.5","Loews Boston Hotel","Free Wifi,Restaurant,Hotel website","₫6,946,326","0","Booking.com","https://www.tripadvisor.com/Hotel_Review-g60745-d321151-Reviews-Loews_Boston_Hotel-Boston_Massachusetts.html"
"https://www.tripadvisor.com/Hotels-g60745-oa30-Boston_Massachusetts-Hotels.html","2113 ","#52 Best Value of 157 places to stay in Boston","4.5","Copley Square Hotel","Free Wifi,Restaurant,Hotel website","₫5,868,018","5","Agoda.com","https://www.tripadvisor.com/Hotel_Review-g60745-d111421-Reviews-Copley_Square_Hotel-Boston_Massachusetts.html"
"https://www.tripadvisor.com/Hotels-g60745-oa30-Boston_Massachusetts-Hotels.html","1540 ","#53 Best Value of 157 places to stay in Boston","4","Kimpton Onyx Hotel","Free Wifi,Restaurant,Hotel website","₫4,627,787","5","Booking.com","https://www.tripadvisor.com/Hotel_Review-g60745-d287606-Reviews-Kimpton_Onyx_Hotel-Boston_Massachusetts.html"
"https://www.tripadvisor.com/Hotels-g60745-oa30-Boston_Massachusetts-Hotels.html","1185 ","#54 Best Value of 157 places to stay in Boston","4.5","XV Beacon","Free Wifi,Restaurant","₫10,059,404","5","Agoda.com","https://www.tripadvisor.com/Hotel_Review-g60745-d94337-Reviews-XV_Beacon-Boston_Massachusetts.html"
"https://www.tripadvisor.com/Hotels-g60745-oa30-Boston_Massachusetts-Hotels.html","2074 ","#55 Best Value of 157 places to stay in Boston","4.5","Boston Harbor Hotel","Free Wifi,Pool","₫10,475,035","0","Hotels.com","https://www.tripadvisor.com/Hotel_Review-g60745-d89575-Reviews-Boston_Harbor_Hotel-Boston_Massachusetts.html"
"https://www.tripadvisor.com/Hotels-g60745-oa30-Boston_Massachusetts-Hotels.html","95 ","#56 Best Value of 157 places to stay in Boston","5","Courtyard Boston Downtown/North Station","Free Wifi,Restaurant,Hotel website","₫5,900,893","0","Booking.com","https://www.tripadvisor.com/Hotel_Review-g60745-d13403186-Reviews-Courtyard_Boston_Downtown_North_Station-Boston_Massachusetts.html"
"https://www.tripadvisor.com/Hotels-g60745-oa30-Boston_Massachusetts-Hotels.html","529 ","#57 Best Value of 157 places to stay in Boston","4.5","Residence Inn Boston Downtown/Seaport","Free Wifi,Breakfast included,Hotel website","₫7,503,891","5","Booking.com","https://www.tripadvisor.com/Hotel_Review-g60745-d4232689-Reviews-Residence_Inn_Boston_Downtown_Seaport-Boston_Massachusetts.html"
"https://www.tripadvisor.com/Hotels-g60745-oa30-Boston_Massachusetts-Hotels.html","190 ","#58 Best Value of 157 places to stay in Boston","4.5","Boston Yacht Haven Inn & Marina","Free Wifi,Breakfast included","₫9,873,541","0","Booking.com","https://www.tripadvisor.com/Hotel_Review-g60745-d518130-Reviews-Boston_Yacht_Haven_Inn_Marina-Boston_Massachusetts.html"
"https://www.tripadvisor.com/Hotels-g60745-oa30-Boston_Massachusetts-Hotels.html","896 ","#59 Best Value of 157 places to stay in Boston","4.5","Marriott Vacation Club Pulse at Custom House, Boston","Free Wifi,Bar/Lounge,Hotel website","₫5,551,354","0","TripAdvisor","https://www.tripadvisor.com/Hotel_Review-g60745-d94344-Reviews-Marriott_Vacation_Club_Pulse_at_Custom_House_Boston-Boston_Massachusetts.html"
"https://www.tripadvisor.com/Hotels-g60745-oa30-Boston_Massachusetts-Hotels.html","1983 ","#60 Best Value of 157 places to stay in Boston","4.5","Four Seasons Hotel Boston","Pool,Restaurant,Hotel website","₫14,717,384","0","Booking.com","https://www.tripadvisor.com/Hotel_Review-g60745-d89585-Reviews-Four_Seasons_Hotel_Boston-Boston_Massachusetts.html"
"https://www.tripadvisor.com/Hotels-g60745-oa60-Boston_Massachusetts-Hotels.html","1776 ","","4.5","Battery Wharf Hotel, Boston Waterfront","Restaurant,Room Service,Hotel website","₫4,365,381","5","Hotels.com","https://www.tripadvisor.com/Hotel_Review-g60745-d1201116-Reviews-Battery_Wharf_Hotel_Boston_Waterfront-Boston_Massachusetts.html"
"https://www.tripadvisor.com/Hotels-g60745-oa60-Boston_Massachusetts-Hotels.html","387 ","#61 Best Value of 157 places to stay in Boston","4.5","Gryphon House","Free Wifi,Breakfast included","₫6,621,080","0","Booking.com","https://www.tripadvisor.com/Hotel_Review-g60745-d77601-Reviews-Gryphon_House-Boston_Massachusetts.html"
"https://www.tripadvisor.com/Hotels-g60745-oa60-Boston_Massachusetts-Hotels.html","267 ","#62 Best Value of 157 places to stay in Boston","4.5","The College Club of Boston","Free Wifi,Breakfast included","₫6,219,744","0","TripAdvisor","https://www.tripadvisor.com/Hotel_Review-g60745-d280420-Reviews-The_College_Club_of_Boston-Boston_Massachusetts.html"
"https://www.tripadvisor.com/Hotels-g60745-oa60-Boston_Massachusetts-Hotels.html","2974 ","#63 Best Value of 157 places to stay in Boston","4","Boston Park Plaza","Restaurant,Room Service,Hotel website","₫3,947,681","0","Hotels.com","https://www.tripadvisor.com/Hotel_Review-g60745-d111418-Reviews-Boston_Park_Plaza-Boston_Massachusetts.html"
"https://www.tripadvisor.com/Hotels-g60745-oa60-Boston_Massachusetts-Hotels.html","2733 ","#64 Best Value of 157 places to stay in Boston","4","Sheraton Boston Hotel","Pool,Restaurant,Hotel website","₫4,368,349","5","Hotels.com","https://www.tripadvisor.com/Hotel_Review-g60745-d89602-Reviews-Sheraton_Boston_Hotel-Boston_Massachusetts.html"
"https://www.tripadvisor.com/Hotels-g60745-oa60-Boston_Massachusetts-Hotels.html","1459 ","#65 Best Value of 157 places to stay in Boston","3.5","Best Western Plus Boston Hotel","Free Wifi,Free Parking,Hotel website","₫4,898,123","0","HotelQuickly","https://www.tripadvisor.com/Hotel_Review-g60745-d222957-Reviews-Best_Western_Plus_Boston_Hotel-Boston_Massachusetts.html"
"https://www.tripadvisor.com/Hotels-g60745-oa60-Boston_Massachusetts-Hotels.html","1895 ","#66 Best Value of 157 places to stay in Boston","4","DoubleTree by Hilton Hotel Boston Bayside","Restaurant,Bar/Lounge,Hotel website","₫4,322,258","0","Hotels.com","https://www.tripadvisor.com/Hotel_Review-g60745-d94368-Reviews-DoubleTree_by_Hilton_Hotel_Boston_Bayside-Boston_Massachusetts.html"
"https://www.tripadvisor.com/Hotels-g60745-oa60-Boston_Massachusetts-Hotels.html","2412 ","#67 Best Value of 157 places to stay in Boston","4","Wyndham Boston Beacon Hill","Free Wifi,Pool,Hotel website","₫4,621,849","0","HotelQuickly","https://www.tripadvisor.com/Hotel_Review-g60745-d217546-Reviews-Wyndham_Boston_Beacon_Hill-Boston_Massachusetts.html"
"https://www.tripadvisor.com/Hotels-g60745-oa60-Boston_Massachusetts-Hotels.html","3129 ","#68 Best Value of 157 places to stay in Boston","4","Hilton Boston Back Bay","Pool,Restaurant,Hotel website","₫8,443,999","5","Hotels.com","https://www.tripadvisor.com/Hotel_Review-g60745-d111428-Reviews-Hilton_Boston_Back_Bay-Boston_Massachusetts.html"
"https://www.tripadvisor.com/Hotels-g60745-oa60-Boston_Massachusetts-Hotels.html","440 ","#69 Best Value of 157 places to stay in Boston","4","Aloft Boston Seaport District","Free Wifi,Pool,Hotel website","₫4,722,124","5","Hotels.com","https://www.tripadvisor.com/Hotel_Review-g60745-d8145466-Reviews-Aloft_Boston_Seaport_District-Boston_Massachusetts.html"
"https://www.tripadvisor.com/Hotels-g60745-oa60-Boston_Massachusetts-Hotels.html","861 ","#70 Best Value of 157 places to stay in Boston","4","Holiday Inn Express Boston","Free Wifi,Free Parking,Hotel website","₫4,623,140","0","Booking.com","https://www.tripadvisor.com/Hotel_Review-g60745-d121009-Reviews-Holiday_Inn_Express_Boston-Boston_Massachusetts.html"
"https://www.tripadvisor.com/Hotels-g60745-oa60-Boston_Massachusetts-Hotels.html","840 ","#71 Best Value of 157 places to stay in Boston","3.5","Copley House","Free Wifi,Hotel website","₫5,221,800","0","Hotels.com","https://www.tripadvisor.com/Hotel_Review-g60745-d120977-Reviews-Copley_House-Boston_Massachusetts.html"
"https://www.tripadvisor.com/Hotels-g60745-oa60-Boston_Massachusetts-Hotels.html","817 ","#72 Best Value of 157 places to stay in Boston","3.5","Courtyard by Marriott Boston Logan Airport","Free Wifi,Free Parking,Hotel website","₫4,135,271","0","Booking.com","https://www.tripadvisor.com/Hotel_Review-g60745-d94363-Reviews-Courtyard_by_Marriott_Boston_Logan_Airport-Boston_Massachusetts.html"
"https://www.tripadvisor.com/Hotels-g60745-oa60-Boston_Massachusetts-Hotels.html","619 ","#73 Best Value of 157 places to stay in Boston","3","Ramada by Wyndham Boston","Free Wifi,Free Parking,Hotel website","₫4,368,574","6","HotelQuickly","https://www.tripadvisor.com/Hotel_Review-g60745-d217148-Reviews-Ramada_by_Wyndham_Boston-Boston_Massachusetts.html"
"https://www.tripadvisor.com/Hotels-g60745-oa60-Boston_Massachusetts-Hotels.html","585 ","#74 Best Value of 157 places to stay in Boston","3.5","Hotel Boston","Free Wifi,Breakfast included","₫3,956,154","5","Booking.com","https://www.tripadvisor.com/Hotel_Review-g60745-d77629-Reviews-Hotel_Boston-Boston_Massachusetts.html"
"https://www.tripadvisor.com/Hotels-g60745-oa60-Boston_Massachusetts-Hotels.html","1689 ","#75 Best Value of 157 places to stay in Boston","3.5","Boston Hotel Buckminster","Free Wifi,Restaurant,Hotel website","₫3,344,492","0","Agoda.com","https://www.tripadvisor.com/Hotel_Review-g60745-d94372-Reviews-Boston_Hotel_Buckminster-Boston_Massachusetts.html"
"https://www.tripadvisor.com/Hotels-g60745-oa60-Boston_Massachusetts-Hotels.html","3775 ","#76 Best Value of 157 places to stay in Boston","4","Hilton Boston Logan Airport","Pool,Restaurant,Hotel website","₫4,385,080","5","Agoda.com","https://www.tripadvisor.com/Hotel_Review-g60745-d120988-Reviews-Hilton_Boston_Logan_Airport-Boston_Massachusetts.html"
"https://www.tripadvisor.com/Hotels-g60745-oa60-Boston_Massachusetts-Hotels.html","33 ","#77 Best Value of 157 places to stay in Boston","4.5","Oakwood at Downtown Boston","Free Wifi,Fitness center","₫8,804,875","0","Booking.com","https://www.tripadvisor.com/Hotel_Review-g60745-d222956-Reviews-Oakwood_at_Downtown_Boston-Boston_Massachusetts.html"
"https://www.tripadvisor.com/Hotels-g60745-oa60-Boston_Massachusetts-Hotels.html","2265 ","#78 Best Value of 157 places to stay in Boston","4","Hotel 140","Free Wifi","₫4,311,291","0","Agoda.com","https://www.tripadvisor.com/Hotel_Review-g60745-d549445-Reviews-Hotel_140-Boston_Massachusetts.html"
"https://www.tripadvisor.com/Hotels-g60745-oa60-Boston_Massachusetts-Hotels.html","2546 ","#79 Best Value of 157 places to stay in Boston","4","Embassy Suites by Hilton Boston at Logan Airport","Breakfast included,Pool,Hotel website","₫4,369,913","0","Booking.com","https://www.tripadvisor.com/Hotel_Review-g60745-d268205-Reviews-Embassy_Suites_by_Hilton_Boston_at_Logan_Airport-Boston_Massachusetts.html"
"https://www.tripadvisor.com/Hotels-g60745-oa60-Boston_Massachusetts-Hotels.html","29 ","#80 Best Value of 157 places to stay in Boston","4","Studio Allston Hotel","Free Wifi,Restaurant,Hotel website","₫3,734,651","0","Agoda.com","https://www.tripadvisor.com/Hotel_Review-g60745-d217000-Reviews-Studio_Allston_Hotel-Boston_Massachusetts.html"
"https://www.tripadvisor.com/Hotels-g60745-oa60-Boston_Massachusetts-Hotels.html","84 ","#81 Best Value of 157 places to stay in Boston","4.5","Chandler Studios","Free Wifi,Fitness center","₫5,320,096","0","Booking.com","https://www.tripadvisor.com/Hotel_Review-g60745-d3586744-Reviews-Chandler_Studios-Boston_Massachusetts.html"
"https://www.tripadvisor.com/Hotels-g60745-oa60-Boston_Massachusetts-Hotels.html","308 ","#82 Best Value of 157 places to stay in Boston","3.5","Comfort Inn - Boston","Free Wifi,Free Parking","₫3,322,228","0","Agoda.com","https://www.tripadvisor.com/Hotel_Review-g60745-d222958-Reviews-Comfort_Inn_Boston-Boston_Massachusetts.html"
"https://www.tripadvisor.com/Hotels-g60745-oa60-Boston_Massachusetts-Hotels.html","565 ","#83 Best Value of 157 places to stay in Boston","3.5","Holiday Inn Express Hotel & Suites Boston Garden","Free Wifi,Breakfast included,Hotel website","₫4,832,227","0","Booking.com","https://www.tripadvisor.com/Hotel_Review-g60745-d1138709-Reviews-Holiday_Inn_Express_Hotel_Suites_Boston_Garden-Boston_Massachusetts.html"
"https://www.tripadvisor.com/Hotels-g60745-oa60-Boston_Massachusetts-Hotels.html","60 ","#84 Best Value of 157 places to stay in Boston","4.5","AC Hotel by Marriott Boston Downtown","Free Wifi,Restaurant,Hotel website","₫5,784,733","0","Booking.com","https://www.tripadvisor.com/Hotel_Review-g60745-d12882338-Reviews-AC_Hotel_by_Marriott_Boston_Downtown-Boston_Massachusetts.html"
"https://www.tripadvisor.com/Hotels-g60745-oa60-Boston_Massachusetts-Hotels.html","570 ","#85 Best Value of 157 places to stay in Boston","4","Courtyard Boston-South Boston","Free Wifi,Free Parking,Hotel website","₫4,255,814","5","Courtyard","https://www.tripadvisor.com/Hotel_Review-g60745-d555224-Reviews-Courtyard_Boston_South_Boston-Boston_Massachusetts.html"
"https://www.tripadvisor.com/Hotels-g60745-oa60-Boston_Massachusetts-Hotels.html","23 ","#86 Best Value of 157 places to stay in Boston","4","AC Hotel by Marriott Boston Cleveland Circle","Bar/Lounge,Hotel website","₫5,552,415","5","Booking.com","https://www.tripadvisor.com/Hotel_Review-g60745-d13351021-Reviews-AC_Hotel_by_Marriott_Boston_Cleveland_Circle-Boston_Massachusetts.html"
"https://www.tripadvisor.com/Hotels-g60745-oa60-Boston_Massachusetts-Hotels.html","26 ","#87 Best Value of 157 places to stay in Boston","5","No. 284","Free Wifi,Breakfast included","₫7,898,833","0","Booking.com","https://www.tripadvisor.com/Hotel_Review-g60745-d13792675-Reviews-No_284-Boston_Massachusetts.html"
"https://www.tripadvisor.com/Hotels-g60745-oa60-Boston_Massachusetts-Hotels.html","94 ","#88 Best Value of 157 places to stay in Boston","4.5","Constitution Marina's Bed & Breakfast Afloat","Free Wifi,Breakfast included,Hotel website","₫5,000,000","0","Trang web chính thức","https://www.tripadvisor.com/Hotel_Review-g60745-d254294-Reviews-Constitution_Marina_s_Bed_Breakfast_Afloat-Boston_Massachusetts.html"
"https://www.tripadvisor.com/Hotels-g60745-oa60-Boston_Massachusetts-Hotels.html","624 ","#89 Best Value of 157 places to stay in Boston","5","Green Turtle Floating Bed and Breakfast","Free Wifi,Breakfast included,Hotel website","₫9,279,070","0","Trang web chính thức","https://www.tripadvisor.com/Hotel_Review-g60745-d1467037-Reviews-Green_Turtle_Floating_Bed_and_Breakfast-Boston_Massachusetts.html"
"https://www.tripadvisor.com/Hotels-g60745-oa60-Boston_Massachusetts-Hotels.html","366 ","#90 Best Value of 157 places to stay in Boston","4","Courtyard by Marriott Boston Downtown","Free Wifi,Restaurant,Hotel website","","0","Booking.com","https://www.tripadvisor.com/Hotel_Review-g60745-d89619-Reviews-Courtyard_by_Marriott_Boston_Downtown-Boston_Massachusetts.html"
"https://www.tripadvisor.com/Hotels-g60745-oa90-Boston_Massachusetts-Hotels.html","4924 ","","4.5","InterContinental Boston","Pool,Restaurant,Hotel website","₫6,325,349","6","InterContinental","https://www.tripadvisor.com/Hotel_Review-g60745-d620703-Reviews-InterContinental_Boston-Boston_Massachusetts.html"
"https://www.tripadvisor.com/Hotels-g60745-oa90-Boston_Massachusetts-Hotels.html","1 review","#91 Best Value of 157 places to stay in Boston","5","Global Luxury Suites at China Town","Free Wifi,Pool","₫8,110,621","0","Agoda.com","https://www.tripadvisor.com/Hotel_Review-g60745-d12449123-Reviews-Global_Luxury_Suites_at_China_Town-Boston_Massachusetts.html"
"https://www.tripadvisor.com/Hotels-g60745-oa90-Boston_Massachusetts-Hotels.html","8 ","#92 Best Value of 157 places to stay in Boston","4","Temple Place Suites by Short Term Rentals Boston","","₫3,795,724","0","Agoda.com","https://www.tripadvisor.com/Hotel_Review-g60745-d13094295-Reviews-Temple_Place_Suites_by_Short_Term_Rentals_Boston-Boston_Massachusetts.html"
"https://www.tripadvisor.com/Hotels-g60745-oa90-Boston_Massachusetts-Hotels.html","814 ","#93 Best Value of 157 places to stay in Boston","3","Constitution Inn","Free Wifi,Pool,Hotel website","₫4,065,576","0","Booking.com","https://www.tripadvisor.com/Hotel_Review-g60745-d126058-Reviews-Constitution_Inn-Boston_Massachusetts.html"
"https://www.tripadvisor.com/Hotels-g60745-oa90-Boston_Massachusetts-Hotels.html","153 ","#94 Best Value of 157 places to stay in Boston","2","The Farrington Inn","Free Wifi,Free Parking","₫2,903,983","0","Booking.com","https://www.tripadvisor.com/Hotel_Review-g60745-d225874-Reviews-The_Farrington_Inn-Boston_Massachusetts.html"
"https://www.tripadvisor.com/Hotels-g60745-oa90-Boston_Massachusetts-Hotels.html","0 ","#95 Best Value of 157 places to stay in Boston","","Wyman Bed & Breakfast in Boston","","₫3,065,909","0","Booking.com","https://www.tripadvisor.com/Hotel_Review-g60745-d14330508-Reviews-Wyman_Bed_Breakfast_in_Boston-Boston_Massachusetts.html"
"https://www.tripadvisor.com/Hotels-g60745-oa90-Boston_Massachusetts-Hotels.html","64 ","#96 Best Value of 157 places to stay in Boston","2.5","Charles River Inn","Free Wifi,Free Parking","₫3,926,184","0","Booking.com","https://www.tripadvisor.com/Hotel_Review-g60745-d216999-Reviews-Charles_River_Inn-Boston_Massachusetts.html"
"https://www.tripadvisor.com/Hotels-g60745-oa90-Boston_Massachusetts-Hotels.html","277 ","#97 Best Value of 157 places to stay in Boston","3","463 Beacon Street Guest House","Free Wifi","₫3,435,992","0","Booking.com","https://www.tripadvisor.com/Hotel_Review-g60745-d120999-Reviews-463_Beacon_Street_Guest_House-Boston_Massachusetts.html"
"https://www.tripadvisor.com/Hotels-g60745-oa90-Boston_Massachusetts-Hotels.html","5 ","#98 Best Value of 157 places to stay in Boston","3","Longfellow Place Apartment by Stay Alfred","","₫9,395,349","0","TripAdvisor","https://www.tripadvisor.com/Hotel_Review-g60745-d13119752-Reviews-Longfellow_Place_Apartment_by_Stay_Alfred-Boston_Massachusetts.html"
"https://www.tripadvisor.com/Hotels-g60745-oa90-Boston_Massachusetts-Hotels.html","10 ","#99 Best Value of 157 places to stay in Boston","3","Global Luxury Suites at Fenway Park","Free Wifi,Bar/Lounge","₫11,596,561","0","Agoda.com","https://www.tripadvisor.com/Hotel_Review-g60745-d12104852-Reviews-Global_Luxury_Suites_at_Fenway_Park-Boston_Massachusetts.html"
"https://www.tripadvisor.com/Hotels-g60745-oa90-Boston_Massachusetts-Hotels.html","835 ","#100 Best Value of 157 places to stay in Boston","3","The Boston Common Hotel and Conference Center","Free Internet","","0","Agoda.com","https://www.tripadvisor.com/Hotel_Review-g60745-d268206-Reviews-The_Boston_Common_Hotel_and_Conference_Center-Boston_Massachusetts.html"
"https://www.tripadvisor.com/Hotels-g60745-oa90-Boston_Massachusetts-Hotels.html","4081 ","#101 Best Value of 157 places to stay in Boston","3.5","The Midtown Hotel","Free Wifi,Pool","","5","HotelQuickly","https://www.tripadvisor.com/Hotel_Review-g60745-d94350-Reviews-The_Midtown_Hotel-Boston_Massachusetts.html"
"https://www.tripadvisor.com/Hotels-g60745-oa90-Boston_Massachusetts-Hotels.html","575 ","#102 Best Value of 157 places to stay in Boston","5","Clarendon Square Inn","Free Wifi,Breakfast included,Hotel website","","0","TripAdvisor","https://www.tripadvisor.com/Hotel_Review-g60745-d118441-Reviews-Clarendon_Square_Inn-Boston_Massachusetts.html"
"https://www.tripadvisor.com/Hotels-g60745-oa90-Boston_Massachusetts-Hotels.html","351 ","#103 Best Value of 157 places to stay in Boston","5","Aisling","Free Wifi,Free Parking","","0","TripAdvisor","https://www.tripadvisor.com/Hotel_Review-g60745-d777353-Reviews-Aisling-Boston_Massachusetts.html"
"https://www.tripadvisor.com/Hotels-g60745-oa90-Boston_Massachusetts-Hotels.html","825 ","#104 Best Value of 157 places to stay in Boston","5","Encore Bed and Breakfast","Free Wifi,Breakfast included","","0","TripAdvisor","https://www.tripadvisor.com/Hotel_Review-g60745-d254295-Reviews-Encore_Bed_and_Breakfast-Boston_Massachusetts.html"
"https://www.tripadvisor.com/Hotels-g60745-oa90-Boston_Massachusetts-Hotels.html","61 ","#105 Best Value of 157 places to stay in Boston","5","Moroccan Luxury Suites Boston","Free Wifi,Breakfast included,Hotel website","","0","TripAdvisor","https://www.tripadvisor.com/Hotel_Review-g60745-d7295026-Reviews-Moroccan_Luxury_Suites_Boston-Boston_Massachusetts.html"
"https://www.tripadvisor.com/Hotels-g60745-oa90-Boston_Massachusetts-Hotels.html","485 ","#106 Best Value of 157 places to stay in Boston","4","John Jeffries House","Free Wifi,Breakfast included","","0","TripAdvisor","https://www.tripadvisor.com/Hotel_Review-g60745-d113623-Reviews-John_Jeffries_House-Boston_Massachusetts.html"
"https://www.tripadvisor.com/Hotels-g60745-oa90-Boston_Massachusetts-Hotels.html","234 ","#107 Best Value of 157 places to stay in Boston","4.5","Taylor House Bed and Breakfast","Free Wifi,Free Parking","","0","Agoda.com","https://www.tripadvisor.com/Hotel_Review-g60745-d265475-Reviews-Taylor_House_Bed_and_Breakfast-Boston_Massachusetts.html"
"https://www.tripadvisor.com/Hotels-g60745-oa90-Boston_Massachusetts-Hotels.html","1327 ","#108 Best Value of 157 places to stay in Boston","4","Hampton Inn & Suites Boston Crosstown Center","Free Wifi,Breakfast included,Hotel website","","5","TripAdvisor","https://www.tripadvisor.com/Hotel_Review-g60745-d320038-Reviews-Hampton_Inn_Suites_Boston_Crosstown_Center-Boston_Massachusetts.html"
"https://www.tripadvisor.com/Hotels-g60745-oa90-Boston_Massachusetts-Hotels.html","97 ","#109 Best Value of 157 places to stay in Boston","4.5","14 Union Park","Free Wifi","","0","TripAdvisor","https://www.tripadvisor.com/Hotel_Review-g60745-d2079076-Reviews-14_Union_Park-Boston_Massachusetts.html"
"https://www.tripadvisor.com/Hotels-g60745-oa90-Boston_Massachusetts-Hotels.html","96 ","#110 Best Value of 157 places to stay in Boston","3.5","The Boston Christopher","Free Wifi","","0","TripAdvisor","https://www.tripadvisor.com/Hotel_Review-g60745-d813646-Reviews-The_Boston_Christopher-Boston_Massachusetts.html"
"https://www.tripadvisor.com/Hotels-g60745-oa90-Boston_Massachusetts-Hotels.html","65 ","#111 Best Value of 157 places to stay in Boston","3.5","Back Bay Beacon","Free Wifi","","0","Agoda.com","https://www.tripadvisor.com/Hotel_Review-g60745-d1672194-Reviews-Back_Bay_Beacon-Boston_Massachusetts.html"
"https://www.tripadvisor.com/Hotels-g60745-oa90-Boston_Massachusetts-Hotels.html","13 ","#112 Best Value of 157 places to stay in Boston","3.5","The Alise Boston","Free Wifi,Restaurant,Hotel website","","0","TripAdvisor","https://www.tripadvisor.com/Hotel_Review-g60745-d89568-Reviews-The_Alise_Boston-Boston_Massachusetts.html"
"https://www.tripadvisor.com/Hotels-g60745-oa90-Boston_Massachusetts-Hotels.html","126 ","#113 Best Value of 157 places to stay in Boston","3","Found Hotel Boston Common","Free Wifi,Breakfast included","","0","TripAdvisor","https://www.tripadvisor.com/Hotel_Review-g60745-d89592-Reviews-Found_Hotel_Boston_Common-Boston_Massachusetts.html"
"https://www.tripadvisor.com/Hotels-g60745-oa90-Boston_Massachusetts-Hotels.html","7 ","#114 Best Value of 157 places to stay in Boston","4","Boston Luxury Suites","","","0","TripAdvisor","https://www.tripadvisor.com/Hotel_Review-g60745-d13846823-Reviews-Boston_Luxury_Suites-Boston_Massachusetts.html"
"https://www.tripadvisor.com/Hotels-g60745-oa90-Boston_Massachusetts-Hotels.html","20 ","#115 Best Value of 157 places to stay in Boston","3","Evolve East Boston","Free Wifi","","0","TripAdvisor","https://www.tripadvisor.com/Hotel_Review-g60745-d10169149-Reviews-Evolve_East_Boston-Boston_Massachusetts.html"
"https://www.tripadvisor.com/Hotels-g60745-oa90-Boston_Massachusetts-Hotels.html","5 ","#116 Best Value of 157 places to stay in Boston","3","Global Luxury Suites at Longwood Medical Area","Free Wifi,Pool","","0","TripAdvisor","https://www.tripadvisor.com/Hotel_Review-g60745-d12710301-Reviews-Global_Luxury_Suites_at_Longwood_Medical_Area-Boston_Massachusetts.html"
"https://www.tripadvisor.com/Hotels-g60745-oa90-Boston_Massachusetts-Hotels.html","2 ","#117 Best Value of 157 places to stay in Boston","1","Sunny Hill Garden Suites","","","0","Agoda.com","https://www.tripadvisor.com/Hotel_Review-g60745-d10209494-Reviews-Sunny_Hill_Garden_Suites-Boston_Massachusetts.html"
"https://www.tripadvisor.com/Hotels-g60745-oa90-Boston_Massachusetts-Hotels.html","7 ","#118 Best Value of 157 places to stay in Boston","1.5","Evolve Fenway Diamond","","","0","TripAdvisor","https://www.tripadvisor.com/Hotel_Review-g60745-d12370530-Reviews-Evolve_Fenway_Diamond-Boston_Massachusetts.html"
"https://www.tripadvisor.com/Hotels-g60745-oa90-Boston_Massachusetts-Hotels.html","0 ","#119 Best Value of 157 places to stay in Boston","","Furnished Quarters Church Park","","","0","Agoda.com","https://www.tripadvisor.com/Hotel_Review-g60745-d6484375-Reviews-Furnished_Quarters_Church_Park-Boston_Massachusetts.html"
"https://www.tripadvisor.com/Hotels-g60745-oa90-Boston_Massachusetts-Hotels.html","241 ","#7 of 40 B&Bs in Boston","4.5","Abigayle's Bed and Breakfast","Free Wifi,Breakfast included","","0","","https://www.tripadvisor.com/Hotel_Review-g60745-d1206836-Reviews-Abigayle_s_Bed_and_Breakfast-Boston_Massachusetts.html"
"https://www.tripadvisor.com/Hotels-g60745-oa120-Boston_Massachusetts-Hotels.html","115 ","#2 of 31 specialty lodgings in Boston","4.5","Montgomery Place","Free Wifi,Breakfast included","","0","","https://www.tripadvisor.com/Hotel_Review-g60745-d1577042-Reviews-Montgomery_Place-Boston_Massachusetts.html"
"https://www.tripadvisor.com/Hotels-g60745-oa120-Boston_Massachusetts-Hotels.html","67 ","#4 of 31 specialty lodgings in Boston","4.5","The 1863 House Bed and Breakfast","Free Wifi,Breakfast included","","0","","https://www.tripadvisor.com/Hotel_Review-g60745-d1577043-Reviews-The_1863_House_Bed_and_Breakfast-Boston_Massachusetts.html"
"https://www.tripadvisor.com/Hotels-g60745-oa120-Boston_Massachusetts-Hotels.html","160 ","#15 of 40 B&Bs in Boston","4.5","Nolan House B&B","Free Wifi,Breakfast included","","0","","https://www.tripadvisor.com/Hotel_Review-g60745-d621896-Reviews-Nolan_House_B_B-Boston_Massachusetts.html"
"https://www.tripadvisor.com/Hotels-g60745-oa120-Boston_Massachusetts-Hotels.html","72 ","#5 of 31 specialty lodgings in Boston","4.5","Fort Hill Inn","Free Wifi","","0","","https://www.tripadvisor.com/Hotel_Review-g60745-d1200189-Reviews-Fort_Hill_Inn-Boston_Massachusetts.html"
"https://www.tripadvisor.com/Hotels-g60745-oa120-Boston_Massachusetts-Hotels.html","109 ","#17 of 40 B&Bs in Boston","4.5","Carruth House","Free Wifi,Free Parking","","0","","https://www.tripadvisor.com/Hotel_Review-g60745-d611346-Reviews-Carruth_House-Boston_Massachusetts.html"
"https://www.tripadvisor.com/Hotels-g60745-oa120-Boston_Massachusetts-Hotels.html","77 ","#18 of 40 B&Bs in Boston","4","Verona's B&B","Free Wifi","","0","","https://www.tripadvisor.com/Hotel_Review-g60745-d113622-Reviews-Verona_s_B_B-Boston_Massachusetts.html"
"https://www.tripadvisor.com/Hotels-g60745-oa120-Boston_Massachusetts-Hotels.html","49 ","#7 of 31 specialty lodgings in Boston","4.5","Caj Guest House Tremont Street","Free Wifi","","0","","https://www.tripadvisor.com/Hotel_Review-g60745-d1060645-Reviews-Caj_Guest_House_Tremont_Street-Boston_Massachusetts.html"
"https://www.tripadvisor.com/Hotels-g60745-oa120-Boston_Massachusetts-Hotels.html","42 ","#8 of 31 specialty lodgings in Boston","4.5","Caj Guest House Worcester Street","Free Wifi","","0","","https://www.tripadvisor.com/Hotel_Review-g60745-d943435-Reviews-Caj_Guest_House_Worcester_Street-Boston_Massachusetts.html"
"https://www.tripadvisor.com/Hotels-g60745-oa120-Boston_Massachusetts-Hotels.html","60 ","#20 of 40 B&Bs in Boston","4","Copley Inn","Free Wifi","","0","","https://www.tripadvisor.com/Hotel_Review-g60745-d123196-Reviews-Copley_Inn-Boston_Massachusetts.html"
"https://www.tripadvisor.com/Hotels-g60745-oa120-Boston_Massachusetts-Hotels.html","29 ","#21 of 40 B&Bs in Boston","4","Yun's Place","Free Wifi,Free Parking","","0","","https://www.tripadvisor.com/Hotel_Review-g60745-d1110934-Reviews-Yun_s_Place-Boston_Massachusetts.html"
"https://www.tripadvisor.com/Hotels-g60745-oa120-Boston_Massachusetts-Hotels.html","1268 ","#9 of 31 specialty lodgings in Boston","3.5","40 Berkeley","Free Wifi","","0","","https://www.tripadvisor.com/Hotel_Review-g60745-d111413-Reviews-40_Berkeley-Boston_Massachusetts.html"
"https://www.tripadvisor.com/Hotels-g60745-oa120-Boston_Massachusetts-Hotels.html","9 ","#24 of 40 B&Bs in Boston","4.5","82 Chandler Street Bed & Breakfast","","","0","","https://www.tripadvisor.com/Hotel_Review-g60745-d7204025-Reviews-82_Chandler_Street_Bed_Breakfast-Boston_Massachusetts.html"
"https://www.tripadvisor.com/Hotels-g60745-oa120-Boston_Massachusetts-Hotels.html","28 ","#25 of 40 B&Bs in Boston","3.5","Rutland Square House","Free Wifi","","0","","https://www.tripadvisor.com/Hotel_Review-g60745-d649100-Reviews-Rutland_Square_House-Boston_Massachusetts.html"
"https://www.tripadvisor.com/Hotels-g60745-oa120-Boston_Massachusetts-Hotels.html","6 ","#10 of 31 specialty lodgings in Boston","4.5","Bay Village Inn","","","0","","https://www.tripadvisor.com/Hotel_Review-g60745-d10408215-Reviews-Bay_Village_Inn-Boston_Massachusetts.html"
"https://www.tripadvisor.com/Hotels-g60745-oa120-Boston_Massachusetts-Hotels.html","6 ","#26 of 40 B&Bs in Boston","4","Edena Urban Resorts","Free Wifi,Restaurant","","0","","https://www.tripadvisor.com/Hotel_Review-g60745-d14100377-Reviews-Edena_Urban_Resorts-Boston_Massachusetts.html"
"https://www.tripadvisor.com/Hotels-g60745-oa120-Boston_Massachusetts-Hotels.html","2 ","#14 of 31 specialty lodgings in Boston","5","Buckingham Apartments","","","0","","https://www.tripadvisor.com/Hotel_Review-g60745-d12643193-Reviews-Buckingham_Apartments-Boston_Massachusetts.html"
"https://www.tripadvisor.com/Hotels-g60745-oa120-Boston_Massachusetts-Hotels.html","3 ","#27 of 40 B&Bs in Boston","4.5","Florence Frances Guest House","","","0","","https://www.tripadvisor.com/Hotel_Review-g60745-d1422190-Reviews-Florence_Frances_Guest_House-Boston_Massachusetts.html"
"https://www.tripadvisor.com/Hotels-g60745-oa120-Boston_Massachusetts-Hotels.html","1 review","#16 of 31 specialty lodgings in Boston","5","Churchill at Boston View","","","0","","https://www.tripadvisor.com/Hotel_Review-g60745-d1415084-Reviews-Churchill_at_Boston_View-Boston_Massachusetts.html"
"https://www.tripadvisor.com/Hotels-g60745-oa120-Boston_Massachusetts-Hotels.html","2 ","#28 of 40 B&Bs in Boston","3","Bayside Club Hotel","Pool,Bar/Lounge","","0","","https://www.tripadvisor.com/Hotel_Review-g60745-d1628775-Reviews-Bayside_Club_Hotel-Boston_Massachusetts.html"
"https://www.tripadvisor.com/Hotels-g60745-oa120-Boston_Massachusetts-Hotels.html","1 review","#29 of 40 B&Bs in Boston","1","Casa do Zequita Bed & Breakfast","Breakfast included","","0","","https://www.tripadvisor.com/Hotel_Review-g60745-d286508-Reviews-Casa_do_Zequita_Bed_Breakfast-Boston_Massachusetts.html"
"https://www.tripadvisor.com/Hotels-g60745-oa120-Boston_Massachusetts-Hotels.html","99 ","#31 of 40 B&Bs in Boston","3","Friend Street Hostel","Free Wifi,Breakfast included","","0","","https://www.tripadvisor.com/Hotel_Review-g60745-d2194559-Reviews-Friend_Street_Hostel-Boston_Massachusetts.html"
"https://www.tripadvisor.com/Hotels-g60745-oa120-Boston_Massachusetts-Hotels.html","4 ","#32 of 40 B&Bs in Boston","2.5","Rudy's Bed and Breakfast","Free Wifi,Beachfront","","0","","https://www.tripadvisor.com/Hotel_Review-g60745-d77602-Reviews-Rudy_s_Bed_and_Breakfast-Boston_Massachusetts.html"
"https://www.tripadvisor.com/Hotels-g60745-oa120-Boston_Massachusetts-Hotels.html","1 review","#23 of 31 specialty lodgings in Boston","1","Churchill At The Radian","","","0","","https://www.tripadvisor.com/Hotel_Review-g60745-d7356280-Reviews-Churchill_At_The_Radian-Boston_Massachusetts.html"
"https://www.tripadvisor.com/Hotels-g60745-oa120-Boston_Massachusetts-Hotels.html","24 ","#33 of 40 B&Bs in Boston","2.5","Royalton Suites","Free Wifi,Restaurant","","0","","https://www.tripadvisor.com/Hotel_Review-g60745-d2084713-Reviews-Royalton_Suites-Boston_Massachusetts.html"
"https://www.tripadvisor.com/Hotels-g60745-oa120-Boston_Massachusetts-Hotels.html","37 ","#34 of 40 B&Bs in Boston","2.5","Bunker Hill Bed and Breakfast","Free Wifi","","0","","https://www.tripadvisor.com/Hotel_Review-g60745-d478706-Reviews-Bunker_Hill_Bed_and_Breakfast-Boston_Massachusetts.html"
"https://www.tripadvisor.com/Hotels-g60745-oa120-Boston_Massachusetts-Hotels.html","13 ","#25 of 31 specialty lodgings in Boston","2","BOS Hostel","Free Internet","","0","","https://www.tripadvisor.com/Hotel_Review-g60745-d10170222-Reviews-BOS_Hostel-Boston_Massachusetts.html"
"https://www.tripadvisor.com/Hotels-g60745-oa120-Boston_Massachusetts-Hotels.html","5 ","#35 of 40 B&Bs in Boston","2","East Boston B&B","","","0","","https://www.tripadvisor.com/Hotel_Review-g60745-d1931800-Reviews-East_Boston_B_B-Boston_Massachusetts.html"
"https://www.tripadvisor.com/Hotels-g60745-oa120-Boston_Massachusetts-Hotels.html","2 ","#26 of 31 specialty lodgings in Boston","1","STR Boston","","","0","","https://www.tripadvisor.com/Hotel_Review-g60745-d12514053-Reviews-STR_Boston-Boston_Massachusetts.html"
"https://www.tripadvisor.com/Hotels-g60745-oa120-Boston_Massachusetts-Hotels.html","0 ","","","Churchill At Landmark Square","","","0","","https://www.tripadvisor.com/Hotel_Review-g60745-d7356316-Reviews-Churchill_At_Landmark_Square-Boston_Massachusetts.html"
"https://www.tripadvisor.com/Hotels-g60745-oa120-Boston_Massachusetts-Hotels.html","0 ","","","City Suites First of Boston","","","0","","https://www.tripadvisor.com/Hotel_Review-g60745-d1640645-Reviews-City_Suites_First_of_Boston-Boston_Massachusetts.html"
"https://www.tripadvisor.com/Hotels-g60745-oa150-Boston_Massachusetts-Hotels.html","0 ","","","Patrick's Homestay","","","0","","https://www.tripadvisor.com/Hotel_Review-g60745-d14655125-Reviews-Patrick_s_Homestay-Boston_Massachusetts.html"
"https://www.tripadvisor.com/Hotels-g60745-oa150-Boston_Massachusetts-Hotels.html","0 ","","","Patrick’s Homestay","","","0","","https://www.tripadvisor.com/Hotel_Review-g60745-d14679588-Reviews-Patrick_s_Homestay-Boston_Massachusetts.html"
"https://www.tripadvisor.com/Hotels-g60745-oa150-Boston_Massachusetts-Hotels.html","0 ","","","Sub""Urban"" Vacationing","Free Wifi,Free Parking","","0","","https://www.tripadvisor.com/Hotel_Review-g60745-d9871709-Reviews-Sub_Urban_Vacationing-Boston_Massachusetts.html"
"https://www.tripadvisor.com/Hotels-g60745-oa150-Boston_Massachusetts-Hotels.html","0 ","","","Virtue Properties","","","0","","https://www.tripadvisor.com/Hotel_Review-g60745-d10411713-Reviews-Virtue_Properties-Boston_Massachusetts.html"
"https://www.tripadvisor.com/Hotels-g60745-oa150-Boston_Massachusetts-Hotels.html","1 review","#17 of 31 specialty lodgings in Boston","5","Oakwood At The Devonshire","Free Wifi,Pool","","0","","https://www.tripadvisor.com/Hotel_Review-g60745-d1157193-Reviews-Oakwood_At_The_Devonshire-Boston_Massachusetts.html"
"https://www.tripadvisor.com/Hotels-g60745-oa150-Boston_Massachusetts-Hotels.html","119 ","#12 of 31 specialty lodgings in Boston","3","Found Places Boston Fenway Inn","Free Wifi,Breakfast included","","0","","https://www.tripadvisor.com/Hotel_Review-g60745-d9878099-Reviews-Found_Places_Boston_Fenway_Inn-Boston_Massachusetts.html"
"https://www.tripadvisor.com/Hotels-g60745-oa150-Boston_Massachusetts-Hotels.html","2 ","#19 of 31 specialty lodgings in Boston","3","STR Boston","","","0","","https://www.tripadvisor.com/Hotel_Review-g60745-d12440618-Reviews-STR_Boston-Boston_Massachusetts.html"
